{
	"credit": "Made with Blockbench",
	"textures": {
		"1": "block/polished_diorite",
		"2": "block/smooth_stone",
		"3": "gravestones:block/stone_base"
	},
	"elements": [
		{
			"from": [7, 2, 7],
			"to": [9, 18, 9],
			"faces": {
				"north": {"uv": [13, 0, 15, 16], "texture": "#2"},
				"east": {"uv": [14, 0, 12, 16], "texture": "#2"},
				"south": {"uv": [9, 0, 11, 16], "texture": "#2"},
				"west": {"uv": [7, 0, 5, 16], "texture": "#2"},
				"up": {"uv": [0, 14, 2, 16], "rotation": 90, "texture": "#2"},
				"down": {"uv": [5, 3, 7, 5], "texture": "#2"}
			}
		},
		{
			"from": [2, 0, 5],
			"to": [14, 1, 11],
			"faces": {
				"north": {"uv": [14, 9, 2, 10], "texture": "#3"},
				"east": {"uv": [13, 9, 14, 15], "rotation": 90, "texture": "#3"},
				"south": {"uv": [2, 14, 14, 15], "texture": "#3"},
				"west": {"uv": [2, 15, 3, 9], "rotation": 90, "texture": "#3"},
				"up": {"uv": [2, 9, 14, 15], "texture": "#3"},
				"down": {"uv": [2, 9, 14, 15], "texture": "#3"}
			}
		},
		{
			"from": [3, 1, 6],
			"to": [13, 2, 10],
			"faces": {
				"north": {"uv": [3, 2, 13, 3], "texture": "#3"},
				"east": {"uv": [12, 2, 13, 6], "rotation": 90, "texture": "#3"},
				"south": {"uv": [3, 5, 13, 6], "texture": "#3"},
				"west": {"uv": [3, 2, 4, 6], "rotation": 270, "texture": "#3"},
				"up": {"uv": [3, 2, 13, 6], "texture": "#3"},
				"down": {"uv": [3, 2, 13, 6], "texture": "#3"}
			}
		},
		{
			"from": [9, 11, 7],
			"to": [14, 13, 9],
			"faces": {
				"north": {"uv": [16, 6, 11, 8], "texture": "#2"},
				"east": {"uv": [11, 5, 13, 7], "texture": "#2"},
				"south": {"uv": [11, 8, 16, 6], "texture": "#2"},
				"west": {"uv": [10, 6, 12, 8], "texture": "#2"},
				"up": {"uv": [11, 7, 16, 5], "texture": "#2"},
				"down": {"uv": [11, 6, 16, 8], "texture": "#2"}
			}
		},
		{
			"from": [2, 11, 7],
			"to": [7, 13, 9],
			"faces": {
				"north": {"uv": [11, 13, 16, 15], "texture": "#2"},
				"east": {"uv": [13, 12, 15, 14], "texture": "#2"},
				"south": {"uv": [16, 13, 11, 15], "texture": "#2"},
				"west": {"uv": [14, 14, 16, 16], "rotation": 90, "texture": "#2"},
				"up": {"uv": [16, 15, 11, 13], "texture": "#2"},
				"down": {"uv": [16, 13, 11, 15], "texture": "#2"}
			}
		},
		{
			"from": [5, 9, 6.5],
			"to": [6, 15, 7.5],
			"rotation": {"angle": -45, "axis": "z", "origin": [8, 12, 12.5]},
			"faces": {
				"north": {"uv": [0, 0, 6, 1], "rotation": 270, "texture": "#1"},
				"east": {"uv": [0, 0, 6, 1], "rotation": 90, "texture": "#1"},
				"south": {"uv": [0, 0, 6, 1], "rotation": 90, "texture": "#1"},
				"west": {"uv": [0, 0, 6, 1], "rotation": 90, "texture": "#1"},
				"up": {"uv": [0, 0, 1, 1], "rotation": 90, "texture": "#1"},
				"down": {"uv": [0, 0, 1, 1], "rotation": 90, "texture": "#1"}
			}
		},
		{
			"from": [5, 9, 8.5],
			"to": [6, 15, 9.5],
			"rotation": {"angle": -45, "axis": "z", "origin": [8, 12, 12.5]},
			"faces": {
				"north": {"uv": [0, 0, 6, 1], "rotation": 270, "texture": "#1"},
				"east": {"uv": [0, 0, 6, 1], "rotation": 90, "texture": "#1"},
				"south": {"uv": [0, 0, 6, 1], "rotation": 90, "texture": "#1"},
				"west": {"uv": [0, 0, 6, 1], "rotation": 90, "texture": "#1"},
				"up": {"uv": [0, 0, 1, 1], "rotation": 90, "texture": "#1"},
				"down": {"uv": [0, 0, 1, 1], "rotation": 90, "texture": "#1"}
			}
		},
		{
			"from": [10, 10, 6.5],
			"to": [11, 14, 7.5],
			"rotation": {"angle": 45, "axis": "z", "origin": [8, 12, 12.5]},
			"faces": {
				"north": {"uv": [1, 0, 5, 1], "rotation": 270, "texture": "#1"},
				"east": {"uv": [1, 0, 5, 1], "rotation": 90, "texture": "#1"},
				"south": {"uv": [1, 0, 5, 1], "rotation": 90, "texture": "#1"},
				"west": {"uv": [1, 0, 5, 1], "rotation": 90, "texture": "#1"},
				"up": {"uv": [0, 0, 1, 1], "rotation": 90, "texture": "#1"},
				"down": {"uv": [0, 0, 1, 1], "rotation": 90, "texture": "#1"}
			}
		},
		{
			"from": [10, 10, 8.5],
			"to": [11, 14, 9.5],
			"rotation": {"angle": 45, "axis": "z", "origin": [8, 12, 12.5]},
			"faces": {
				"north": {"uv": [1, 0, 5, 1], "rotation": 270, "texture": "#1"},
				"east": {"uv": [1, 0, 5, 1], "rotation": 90, "texture": "#1"},
				"south": {"uv": [1, 0, 5, 1], "rotation": 90, "texture": "#1"},
				"west": {"uv": [1, 0, 5, 1], "rotation": 90, "texture": "#1"},
				"up": {"uv": [0, 0, 1, 1], "rotation": 90, "texture": "#1"},
				"down": {"uv": [0, 0, 1, 1], "rotation": 90, "texture": "#1"}
			}
		},
		{
			"from": [10, 9, 6.5],
			"to": [11, 15, 7.5],
			"rotation": {"angle": -45, "axis": "z", "origin": [8, 12, 12.5]},
			"faces": {
				"north": {"uv": [0, 0, 6, 1], "rotation": 270, "texture": "#1"},
				"east": {"uv": [0, 0, 6, 1], "rotation": 90, "texture": "#1"},
				"south": {"uv": [0, 0, 6, 1], "rotation": 90, "texture": "#1"},
				"west": {"uv": [0, 0, 6, 1], "rotation": 90, "texture": "#1"},
				"up": {"uv": [0, 0, 1, 1], "rotation": 90, "texture": "#1"},
				"down": {"uv": [0, 0, 1, 1], "rotation": 90, "texture": "#1"}
			}
		},
		{
			"from": [10, 9, 8.5],
			"to": [11, 15, 9.5],
			"rotation": {"angle": -45, "axis": "z", "origin": [8, 12, 12.5]},
			"faces": {
				"north": {"uv": [0, 0, 6, 1], "rotation": 270, "texture": "#1"},
				"east": {"uv": [0, 0, 6, 1], "rotation": 90, "texture": "#1"},
				"south": {"uv": [0, 0, 6, 1], "rotation": 90, "texture": "#1"},
				"west": {"uv": [0, 0, 6, 1], "rotation": 90, "texture": "#1"},
				"up": {"uv": [0, 0, 1, 1], "rotation": 90, "texture": "#1"},
				"down": {"uv": [0, 0, 1, 1], "rotation": 90, "texture": "#1"}
			}
		},
		{
			"from": [5, 10, 6.5],
			"to": [6, 14, 7.5],
			"rotation": {"angle": 45, "axis": "z", "origin": [8, 12, 12.5]},
			"faces": {
				"north": {"uv": [1, 0, 5, 1], "rotation": 270, "texture": "#1"},
				"east": {"uv": [1, 0, 5, 1], "rotation": 90, "texture": "#1"},
				"south": {"uv": [1, 0, 5, 1], "rotation": 90, "texture": "#1"},
				"west": {"uv": [1, 0, 5, 1], "rotation": 90, "texture": "#1"},
				"up": {"uv": [0, 0, 1, 1], "rotation": 90, "texture": "#1"},
				"down": {"uv": [0, 0, 1, 1], "rotation": 90, "texture": "#1"}
			}
		},
		{
			"from": [5, 10, 8.5],
			"to": [6, 14, 9.5],
			"rotation": {"angle": 45, "axis": "z", "origin": [8, 12, 12.5]},
			"faces": {
				"north": {"uv": [1, 0, 5, 1], "rotation": 270, "texture": "#1"},
				"east": {"uv": [1, 0, 5, 1], "rotation": 90, "texture": "#1"},
				"south": {"uv": [1, 0, 5, 1], "rotation": 90, "texture": "#1"},
				"west": {"uv": [1, 0, 5, 1], "rotation": 90, "texture": "#1"},
				"up": {"uv": [0, 0, 1, 1], "rotation": 90, "texture": "#1"},
				"down": {"uv": [0, 0, 1, 1], "rotation": 90, "texture": "#1"}
			}
		}
	],
	"gui_light": "front",
	"display": {
		"thirdperson_righthand": {
			"rotation": [0.94, -27.94, 12.66],
			"translation": [-0.5, 3.5, 0.25],
			"scale": [0.5, 0.5, 0.5]
		},
		"thirdperson_lefthand": {
			"rotation": [0, -27, 12.66],
			"translation": [-0.5, 3.5, 0.25],
			"scale": [0.5, 0.5, 0.5]
		},
		"firstperson_righthand": {
			"rotation": [0, -45, 0],
			"translation": [0, 4, 0],
			"scale": [0.6, 0.6, 0.6]
		},
		"firstperson_lefthand": {
			"rotation": [0, -45, 0],
			"translation": [0, 4, 0],
			"scale": [0.6, 0.6, 0.6]
		},
		"ground": {
			"translation": [0, 4.25, 0]
		},
		"gui": {
			"rotation": [22.5, 22.5, 0],
			"scale": [0.8, 0.8, 0.8]
		}
	},
	"groups": [
		0,
		1,
		2,
		3,
		4,
		{
			"name": "group",
			"origin": [8, 12, 12],
			"color": 0,
			"children": [5, 6, 7, 8, 9, 10, 11, 12]
		}
	]
}